model,test_acc,test_f1_macro
random_forest,1.0,1.0
knn,0.9761904761904762,0.9760683760683762
gaussian_nb,0.9285714285714286,0.9219017094017095
